Neighborhood Compass Data Dictionary - Winter 2015 Release,,,,
Field,Title,Dimension,Description,Source
CITYSQMI,Municipal Area,none,"The area, in square miles, of the applicable geography that is within the municipal jurisdiction.",City of Durham 
INSPSQMI,Inspection District Area,none,"The area, in square miles, of the applicable geography that is within the jurisdiction of City/County Inspections.",City of Durham 
BGSQMI,Blockgroup Area,none,"The area, in square miles, of the selected blockgroup.",City of Durham 
NHSQMI,Neighborhood Area,none,"The area, in square miles, of the selected neighborhood.",City of Durham 
DU,Dwelling Units,none,The estimate of dwelling units within the selected geography.,Durham City/County GIS
DUCITY,Dwelling Units in Municipal Area,none,The estimate of dwelling units within the selected geography that are within the municipal jurisdiction.,Durham City/County GIS
POP,Total Population,Demographics,The total population of the selected block group.,U.S. Decennial Census
POPDENS,Population Density,Demographics,The density of population within the selected block group.,U.S. Decennial Census
PTWHNL,White/Caucasian,Demographics,The percentage of the blockgroup population that is White or Caucasian.,U.S. Decennial Census
PTBLKNL,Black/African American,Demographics,The percentage of the blockgroup population that is Black or African American and not Latino or Hispanic,U.S. Decennial Census
PTASNL,Asian,Demographics,The percentage of the blockgroup population that is Asian  and not Latino or Hispanic.,U.S. Decennial Census
PTLAT,Hispanic/Latino,Demographics,The percentage of the blockgroup population that is Latino or Hispanic.,U.S. Decennial Census
PTOTHNL,Other Race,Demographics,The percentage of the blockgroup population that report Other or Multiple Race categories  and not Latino or Hispanic.,U.S. Decennial Census
REDIV,Race/Ethnic Diversity,Demographics,The indexed value of racial and ethnic diversity in the selected blockgroup.,U.S. Decennial Census; Neighborhood Improvement Services
PTUND18,Youth Population,Demographics,The percent of the total population under 18 years of age.,U.S. Decennial Census
PT65UP,Retirement-Age Population,Demographics,The percent of the total population 65 years of age and older.,U.S. Decennial Census
MEDAGE,Median Age,Demographics,"The median age for the selected area, with half its residents being older and half younger.",American Community Survey (ACS) 
BANK,Households Within Walking Distance to Banks,Infrastructure & Amenities,The percent of area households within a quarter-mile of a commercial bank or credit union.,City of Durham Transportation Department/County Tax Administration
GRCR,Households Within Walking Distance to Full Service Grocers,Infrastructure & Amenities,"The percent of area households within a quarter-mile of full-service, grocery stores.",City of Durham Transportation Department/County Tax Administration
PHAR,Households Within Walking Distance to Pharmacies,Infrastructure & Amenities,The percent of area households within a quarter-mile of pharmacies.,City of Durham Transportation Department/County Tax Administration
BUS,Households Within Walking Distance to Bus Stops,Infrastructure & Amenities,The percent of households that are within one quarter-mile of DATA and Triangle Transit bus stops.,Triangle Transit/County Tax Administration
DAYTRIP,Number of Daily Bus Arrivals,Infrastructure & Amenities,The count of daytime bus arrivals for all routes in the selected blockgroup.,DATA/Triangle Transit
EVETRIP,Number of Nightly Bus Arrivals,Infrastructure & Amenities,The count of nighttime bus arrivals for all routes in the selected blockgroup.,DATA/Triangle Transit
BIKEWK,Commuting to Work by Bicycle,Infrastructure & Amenities,The percentage of workers commuting to work by bicycle.,American Community Survey (ACS) 
WLKWK,Commuting to Work by Foot,Infrastructure & Amenities,The percentage of workers commuting to work by foot.,American Community Survey (ACS) 
WKHOME,Working from Home,Infrastructure & Amenities,The percentage of workers who report their primary workplace to be their home.,American Community Survey (ACS) 
SWTORD,Sidewalk-to-Roadway Ratio,Infrastructure & Amenities,The ratio of sidewalk length to road length in the selected area.,Public Works/Transportation
CCC,Licensed Child Care Centers,Education,"The number, per square mile, of licensed child care centers in a selected area.",NC Division of Childcare and Early Education; Neighborhood Improvement Services
CC45,Child Care Centers Rated 4- or 5-Stars,Education,The percentage of licensed child care centers with 4- or 5-star ratings.,NC Division of Childcare and Early Education; Neighborhood Improvement Services
PTPRIM,Primary Election Participation,Engagement,The percent of active voters voting in the 2012 primary election.,Durham County Board of Elections
PTGNRL,General Election Participation,Engagement,The percent of active voters voting in the 2012 general election.,Durham County Board of Elections
LUDIV,Land Use Diversity,Economy,"The indexed value of diversity of land uses in these categories: agriculture, residential, commercial, recreation, industrial, community services, public services (utilities), wild and forested lands.",Durham City/County  GIS; Neighborhood Improvement Services
MHI,Median Household Income ,Economy,Median household income for the selected block groups,American Community Survey (ACS) 
PCI,Per Capita Income,Economy,Per capita income for individuals in the selected blockgroup.,American Community Survey (ACS) 
RVALPSM,Residential Building Permit Values,Economy,The value per square mile of residential building permits filed during the 2012 calendar year.,City/County Inspections Department
CVALPSM,Commercial Building Permit Values,Economy,The value per square mile of commercial building permits filed during the 2012 calendar year.,City/County Inspections Department
COB,Certificates of Occupancy (Commercial),Economy,"The number of certificates of occupancy, per square mile, issued for commercial and industrial locations. ",City/County Inspections Department
COR,Certificates of Occupancy (Residential),Economy,"The number of certificates of occupancy, per square mile, issued for residential locations. ",City/County Inspections Department
PCTSSI,Supplemental Security Income,Economy,The percent of households receiving Supplemental Security Income from the federal Social Security Administration.,American Community Survey (ACS) 
PCTRENT,Renter-Occupied Housing,Housing,The percentage of housing in the selected blockgroup that is renter-occupied.,American Community Survey (ACS) 
UNFRENT,Rent 30% or More of Income,Housing,The percent of renters spending 30% or more of their monthly income on housing and housing-related costs.,American Community Survey (ACS) 
UNFOWN,Monthly Owners Costs 30% or More of Income,Housing,The percent of owner-occupied units that cost owners 30% or more of their monthly income. This measurement is related to home owners with mortgages.,American Community Survey (ACS) 
R_AVGYR,Average Age of Residential Property,Housing,The average year built of all types of residential construction.,Durham County Tax Administration
RCODEV,Minimum housing code violations ,Housing,Minimum housing code violations per 100 dwelling units.,Neighborhood Improvement Services
PRUNSD,Poor and Unsound Housing Conditions,Housing,"The percent of residential properties that are in poor or unsound state of repair, showing marked deterioration or potentially uninhabitable. ",Durham County Tax Administration
WCODEV,Unmaintained Property Violations,Housing,Unmaintained property violations per 100 dwelling units.,Neighborhood Improvement Services
PCTTREE,Tree Canopy,Environment ,The percent of the selected area covered by tree canopy.,"Environmental Protection Agency, EnviroAtlas "
PCTIMP,Impervious Area,Environment ,The percent of the selected area covered by exposed impervious surfaces.,"Environmental Protection Agency, EnviroAtlas "
PCTC30,Percent Commuting 30 Minutes or More,Environment ,The percentage of block group residents whose commute to work takes 30 minutes or more (one-way).,American Community Survey (ACS) 
DRALONE,Percent of Commuters Driving Alone,Environment ,The percentage of block group residents who commute to work by car or other vehicle with no other passengers.,American Community Survey (ACS) 
VCODEV,Automotive Code Violations,Environment ,Automotive code violations per 100 dwelling units.,"Neighborhood Improvement Services, 2012"
P_SQMI,Crimes Involving Property,Safety,The number of crimes involving property per square mile that occurred in calendar year 2012.,"Durham Police Department, County Sheriff"
V_SQMI,Crimes with a Violent Component,Safety,The number of crimes with a violent component per square mile that occurred in calendar year 2012.,"Durham Police Department, County Sheriff"
D_SQMI,Drug-Related Crimes,Safety,The number of drug-related crimes per square mile that occurred in calendar year 2012.,"Durham Police Department, County Sheriff"
,,,,
"This file is a download from the Durham Neighborhood Compass release prepared on February 18, 2015",,,,
